{"cameraMode":{"drawMode":0,"name":"Shaded","section":"Shading Mode"},"sceneLighting":false,"audioPlay":false,"sceneViewState":{"showFog":true,"showMaterialUpdate":false,"showSkybox":false,"showFlares":true,"showImageEffects":true,"showParticleSystems":true},"in2DMode":false,"pivot":{"x":0.3808414340019226,"y":-5.993893623352051,"z":7.550907135009766},"rotation":{"x":0.00518382340669632,"y":0.9728475213050842,"z":-0.2303527593612671,"w":0.02189277671277523},"size":9.106666564941407,"orthographic":false}