{"cameraMode":{"drawMode":0,"name":"Shaded","section":"Shading Mode"},"sceneLighting":false,"audioPlay":false,"sceneViewState":{"showFog":true,"showMaterialUpdate":false,"showSkybox":false,"showFlares":true,"showImageEffects":true,"showParticleSystems":true},"in2DMode":false,"pivot":{"x":770.625,"y":544.7843017578125,"z":194.814208984375},"rotation":{"x":0.1241718977689743,"y":0.01071256771683693,"z":-0.0013396438444033266,"w":0.9922037124633789},"size":893.78662109375,"orthographic":false}