{"cameraMode":{"drawMode":0,"name":"Shaded","section":"Shading Mode"},"sceneLighting":true,"audioPlay":false,"sceneViewState":{"showFog":true,"showMaterialUpdate":false,"showSkybox":true,"showFlares":true,"showImageEffects":true,"showParticleSystems":true},"in2DMode":false,"pivot":{"x":-1.4099502563476563,"y":-0.6179337501525879,"z":-25.426773071289064},"rotation":{"x":-0.027247993275523187,"y":-0.06533200293779373,"z":0.001784676220268011,"w":-0.9974903464317322},"size":1.9005305767059327,"orthographic":false}